accountId,name,amount,data,address
##231245434123424,tom,100.00,2013-2-2 12:00:00,Lu Jia Zui Road
23434123424,tom,100.00,2013-2-2 12:00:00,Lu Jia Zui Road
2312453425123424,tom,100.00,2013-2-2 12:00:00,Lu Jia Zui Road
2312454325423123424,tom,100.00,2013-2-2 12:00:00,Lu Jia Zui Road
##231245434123424,tom,100.00,2013-2-2 12:00:00,Lu Jia Zui Road
2312f5243f34123424,tom,100.00,2013-2-2 12:00:00,Lu Jia Zui Road
**231245434123424,tom,100.00,2013-2-2 12:00:00,Lu Jia Zui Road
231245434123424,tom,100.00,2013-2-2 12:00:00,Lu Jia Zui Road
23124235432r34123424,tom,100.00,2013-2-2 12:00:00,Lu Jia Zui Road
23124ef23254123424,tom,100.00,2013-2-2 12:00:00,Lu Jia Zui Road
231245434123424,tom,100.00,2013-2-2 12:00:00,Lu Jia Zui Road
231245434123424,tom,100.00,2013-2-2 12:00:00,Lu Jia Zui Road
231245434123424,tom,100.00,2013-2-2 12:00:00,Lu Jia Zui Road
23f453f33r5434123424,tom,100.00,2013-2-2 12:00:00,Lu Jia Zui Road
23124524f45123424,tom,100.00,2013-2-2 12:00:00,Lu Jia Zui Road
231245434123424,tom,100.00,2013-2-2 12:00:00,Lu Jia Zui Road
231245434123424,tom,100.00,2013-2-2 12:00:00,Lu Jia Zui Road
231245434123424,tom,100.00,2013-2-2 12:00:00,Lu Jia Zui Road
23124554fwefw534123424,tom,100.00,2013-2-2 12:00:00,Lu Jia Zui Road
231245434123424,tom,100.00,2013-2-2 12:00:00,Lu Jia Zui Road
231245434123424,tom,100.00,2013-2-2 12:00:00,Lu Jia Zui Road
231245434123424,tom,100.00,2013-2-2 12:00:00,Lu Jia Zui Road
2312454wvwegfwe4123424,tom,100.00,2013-2-2 12:00:00,Lu Jia Zui Road
2312wefwf4w3434123424,tom,100.00,2013-2-2 12:00:00,Lu Jia Zui Road
23124543wf5w3fwe34123424,tom,100.00,2013-2-2 12:00:00,Lu Jia Zui Road